name,unit,cat,sku,star_uid,grofer_uid,dmart_uid,amc_uid,bb_uid
Agaraj,kg,Fruits,EARA1,0,0,0,0,0
Alphonso Mango : 6 Pieces,6 pcs,Fruits and Vegetables,DNFMAN,0,0,0,0,0
Alphonso Mango : 6 Pieces,6 pcs,Fruits and Vegetables,DNFMAN2,0,0,0,0,0
Amla - Fraazo,kg,Fraazo,VAWL11,0,0,0,0,10000332
Amla (100 gm),gm,,,0,0,0,08006,40004383
Amla (250 gm),gm,,,0,0,0,0,10000293
Amla (500 gm),gm,,,0,0,0,0,10000294
Anjir fruits,kg,Fruits,FANJ1,0,0,0,0,0
Apple - Kashmir,kg,Fruits,FApp4,0,0,0,0,40033820
Apple - Kinnaur  Fraazo,kg,Fruits,FApp3,9444,0,0,0,0
Apple -Shimla,kg,Fruits,FAPP8,0,0,0,0,0
Apple ( Washington),kg,Fruits,FAPP1,0,0,0,0,0
Apple Ber Fruit - Fraazo,kg,Fraazo,FAPP81,0,0,0,0,20003958
Apple Green,kg,Fruits,FAPP2,0,0,0,0,0
Apple Green / Granny Smith  - Fraazo,kg,Fraazo,FAPP23,0,336515,0,0,40033817
Apple Kinnaur  - Fraazo,kg,Fraazo,FAPP33,0,0,0,0,0
Apple Red,4 pcs,Fruits and Vegetables,DNFRED,0,0,456032,0,0
Apple Royal Gala,4 pcs,Fruits and Vegetables,DNFROY,0,0,0,0,0
Apple Royal Gala  - Fraazo,kg,Fraazo,FAPP53,9441,311059,456031,0,40033823
Apple Shimla  - Fraazo,kg,Fraazo,FAPP63,0,317201,0,0,40033819
Apple Washington  - Fraazo,kg,Fraazo,FAPP73,0,190325,0,0,0
Apple-Custard,kg,Fruits,FAPP6,0,0,0,07028,0
Apple-Gala,kg,Fruits,FAPP5,0,0,0,0,0
Arbi,kg,Indian Vegetable,IARB1,0,0,0,08005,0
Arbi (Colocasia)  - Fraazo,kg,Fraazo,VARB12,7986,0,0,0,0
Asparagus,kg,Exotic,EASP1,0,0,0,0,30000418
Avocado,kg,Fruits,EAVO1,0,0,0,0,10000312
Avocado - Fraazo (1 Pc),unit,Fraazo,FAVO21,0,0,0,0,0
Avocado Imported,kg,Fruits,FAVO2,0,0,0,0,30009284
Awla,kg,Fruits,FAWL1,0,0,0,07042,0
Baby Corn - Fraazo 250gm,kg,Exotic,EBAC1,0,0,0,0,10000017
Baby Corn - Fraazo,kg,Fraazo,EBAB12,5976,0,279551,0,0
Baby Corn-Box8,kg,Exotic,EBAB2,0,0,0,0,0
Baby Orange - Fraazo,kg,Fraazo,FBAB1,0,0,0,0,20003955
Baby Potato,kg,Exotic,EBAB1,0,0,0,0,0
Baby Potato,kg,Bulk,BBAB1,0,0,0,0,0
Baby Potato - Fraazo,kg,Fraazo,VBAB11,7369,0,367751,0,0
Bag-Carry,kg,Fruits,FBAG4,0,0,0,0,0
Banana,dozen,Fruits,FBAN1,0,0,0,07014,0
Banana Elaichi / Yellaki  - Fraazo (1 Dozen),unit,Fraazo,FBAN24,8058,0,315504,0,0
Banana Kachcha,kg,Indian Vegetable,IBAN1,0,0,0,08040,0
Banana Leaf,piece,Indian Vegetable,LBAN1,0,0,0,0,20003762
Banana Raw  - Fraazo - 100GM,,,,7937,0,0,0,0
Banana Raw  - Fraazo,kg,Fraazo,VBAN12,0,0,0,0,40005827
Banana Robusta  - Fraazo (1 Dozen),unit,Fraazo,FBAN14,8643,0,0,0,0
Basil Italian  - Fraazo,kg,Fraazo,EBAS11,0,0,0,0,10000314
Basil leaves,kg,Exotic,GBas2,0,0,0,0,0
Bathua,bundle,Fruits,LBAT1,0,0,0,0,0
Beans Chawli  - Fraazo,kg,Fraazo,VCHA12,0,0,0,0,10000276
Beans Cluster  (Gavar)  - Fraazo,kg,Fraazo,VGAV12,7940,0,0,0,0
Beans Flat  - Fraazo,kg,Fraazo,VPPD12,0,0,0,0,0
Beans French  - Fraazo,kg,Fraazo,VFRE12,0,0,0,0,0
Beans Sprout,kg,Exotic,EBEA1,0,0,0,0,0
Beet Root - Big,kg,Indian Vegetable,IBEE1,0,0,0,08008,0
Beetroot - Fraazo,kg,Fraazo,VBEE12,8465,0,279552,0,0
Ber,kg,Fruits,FBER1,0,0,0,0,0
Ber-Indian,kg,Fruits,FBER6,0,0,0,0,0
Bhavnagari Chilly,kg,Indian Vegetable,IBHA1,0,0,0,0,0
Bhutta ( 1 Kg Is 2 Piece ),piece,Fruits,IBHU1,0,0,0,0,0
Bitter Gourd (Karela),300 gm,Fruits and Vegetables,DNFGOU,0,0,367619,0,0
Bitter Gourd (Karela)  - Fraazo,kg,Fraazo,VBIT12,7942,0,0,08039,10000050
Black Grapes seedless,kg,Fruits,FBla1,0,0,0,0,0
Blueberry - Fraazo (125 Gms),unit,Fraazo,FBLU1,14640,0,0,0,40083980
Bok choy,kg,Exotic,EBOK1,0,0,0,0,0
Bottle Gourd (Dudhi / Lauki)  - Fraazo,kg,Fraazo,VBOT12,0,0,367620,08012,10000051
Bottle Gourd (Dudhi),500 gm,Fruits and Vegetables,DNFGOU1,0,0,0,0,10000052
Brinjal - Brown Long,kg,Indian Vegetable,IBRI2,0,0,0,0,0
Brinjal - Green Long,kg,Indian Vegetable,IBRI3,0,0,0,0,30000438
Brinjal (Bharta) - Big,kg,Indian Vegetable,IBRI1,0,0,0,0,0
Brinjal Bharta  - Fraazo,kg,Fraazo,VBRI12,0,0,309005,0,50000469
Brinjal Black / Nagpur  - Fraazo,kg,Fraazo,VBRI22,0,0,0,0,10000584
Brinjal Kateri  - Fraazo,kg,Fraazo,VBRI52,0,0,0,0,10000058
Brinjal Small (Black),kg,Indian Vegetable,IBRI4,0,0,0,0,0
Brinjal Small (Kateri),kg,Indian Vegetable,IBRI5,0,0,0,0,0
Brinjal Whit ( Kateri),kg,Fruits,IBRI6,0,0,0,0,0
Broad Beans (Papadi),250 gm,Fruits and Vegetables,DNFBEA,0,0,367621,0,0
Broccoli - Fraazo- 250gm,kg,Fraazo,EBRO12,7967,0,0,0,0
Brocolli - Fraazo- 500gm,kg,Exotic,EBRO1,0,0,0,0,10000063
Cabbage,kg,Indian Vegetable,ICAB1,0,0,0,0,10000066
Cabbage - Fraazo,kg,Fraazo,VCAB12,1273,0,367622,08041,40023473
Cabbage (Patta Gobi),500 gm,Fruits and Vegetables,DNFCAB1,0,0,0,0,0
"Cabbage processed	",kg,Indian Vegetable,ICab4,0,0,0,0,0
Cabbage Red,kg,Exotic,ECAB1,0,0,0,0,0
Cabbage Red  - Fraazo,kg,Fraazo,VCAB22,0,0,0,0,10000170
"Cabbage unprocessed	",kg,Indian Vegetable,ICab3,0,0,0,0,0
Cabbage White,kg,Indian Vegetable,ICAB2,0,0,0,0,0
Capsicum,kg,Indian Vegetable,ICAP1,0,0,0,0,0
Capsicum (Shimla)  - Fraazo,kg,Fraazo,VCAP12,8477,0,237544,08049,50000478
Capsicum Red  - Fraazo - 500gm,,,,0,0,0,0,10000319
Capsicum Red  - Fraazo,kg,Fraazo,ECAP12,7972,0,0,0,0
Capsicum Red/Yellow  - Fraazo,kg,Fraazo,ECAP22,0,0,0,0,30001009
Capsicum Yellow  - Fraazo,kg,Fraazo,ECAP32,7973,0,0,0,10000208
Capsicum-Box8,kg,Indian Vegetable,ICAP2,0,0,0,0,0
Carrot,kg,Indian Vegetable,ICAR2,0,0,0,08022,40022634
Carrot - Box 8,kg,Indian Vegetable,ICar1,0,0,0,0,0
Carrot Red  (Delhi)  - Fraazo,kg,Fraazo,VCAR12,0,0,0,0,10000381
Cauliflower,kg,Indian Vegetable,ICAU1,0,0,0,0,0
Cauliflower - Fraazo - 500gms,,,,0,0,367623,0,0
Cauliflower - Fraazo 1 pcs,kg,Fraazo,VCAU12,1272,0,0,0,10000074
Cauliflower (Ful Gobi),500 gm,Fruits and Vegetables,DNFCAU,0,0,0,0,0
"Cauliflower processed	",kg,Indian Vegetable,ICau3,0,0,0,0,0
"Cauliflower unprocessed	",kg,Indian Vegetable,ICau2,0,0,0,0,0
Celery,kg,Exotic,ECEL1,0,0,0,0,10000313
Chawli,kg,Indian Vegetable,ICHA1,0,0,0,0,0
Chikoo - Fraazo,kg,Fraazo,FCHI13,0,0,0,0,0
Chiku,kg,Fruits,FCHI1,0,0,0,0,0
Chilli (Kam Tikhi Mirchi),100 gm,Fruits and Vegetables,DNFCHI,0,0,0,0,0
Chillies Green  - Fraazo,kg,Fraazo,VCHI22,0,0,0,0,0
Chilly,kg,Indian Vegetable,ICHI1,0,0,0,10013,0
Chilly Red,kg,Indian Vegetable,ICHI2,0,0,0,0,50000511
Chilly-Less Spicy,kg,Indian Vegetable,ICHI5,0,0,0,0,0
Chinese Gobi,kg,Exotic,ECHG1,0,0,0,0,0
Coconut,unit,Fruits,FCOC1,0,0,0,0,0
Coconut,1 u,Fruits and Vegetables,DNFCOC,0,0,0,0,0
Coconut Dry  - Fraazo (1 Pc),unit,Fraazo,FCOC3,5854,4943,174503,04013,40023478
Coconut Tender  - Fraazo (1 Pc),unit,Fraazo,FCOC2,0,352443,0,0,40057966
Combo1,kg,Fruits,FCOM1,0,0,0,0,0
Coriander - Big (450-550 Grams) - Fraazo,bundle,Indian Vegetable,LCOR1,5852,0,0,08044,0
Coriander - Chinese,kg,Indian Vegetable,LCOR3,0,0,0,0,0
Coriander - Small,bundle,Indian Vegetable,LCOR2,0,0,0,0,0
"Coriander (Chinese) processed	",kg,Indian Vegetable,LCor7,0,0,0,0,0
"Coriander (Chinese) unprocessed	",kg,Indian Vegetable,LCor6,0,0,0,0,0
"Coriander (Desi) processed	",kg,Indian Vegetable,LCor5,0,0,0,0,0
"Coriander (Desi) unprocessed	",kg,Indian Vegetable,LCor4,0,0,0,0,0
Coriander Leaves - Fraazo (200 Gms),unit,Fraazo,LCOR21,0,0,0,0,40005796
Cucumber,kg,Indian Vegetable,ICUC1,0,0,0,08033,0
Cucumber Green Indian  (Kakdi)  - Fraazo- 250gms,,,,8479,0,0,0,30007400
Cucumber Green Indian  (Kakdi)  - Fraazo,kg,Fraazo,VCUC12,0,0,237546,0,0
Cucumber Madrasi,kg,Fruits,ICUC2,0,0,0,0,0
Cucumber White  - Fraazo,kg,Fraazo,VCUC22,8485,0,0,0,50000493
Cucumber-Belan,kg,Fruits,FCUC4,0,0,0,0,0
Cucumber-Chinise,kg,Fruits,ICUC4,0,0,0,0,0
Cucumder-Desi,kg,Indian Vegetable,ICUC5,0,0,0,0,0
Curry leaves,kg,Indian Vegetable,LCUR1,0,0,0,08031,0
Curry leaves - Fraazo (200 Gms),unit,Fraazo,LCUR11,4512,0,0,0,10000105
Custard Apple - Fraazo,kg,Fraazo,FCUS12,8001,0,0,0,10000350
Delhi Carrot,kg,Indian Vegetable,IDel1,0,0,0,0,0
Dill,kg,Indian Vegetable,IDil1,0,0,0,0,0
Dragon Fruit,piece,Fruits,FDRA1,0,0,0,0,0
Dragon Fruit - Fraazo (1 Pc),unit,Fraazo,FDRA2,2559,0,0,0,40008982
Drumstick - Fraazo - 1kg,,,,0,0,0,0,10000334
Drumstick - Fraazo- 1pc,kg,Fraazo,VDRU12,18567,0,0,0,0
Drumsticks,kg,Indian Vegetable,IDRU1,0,0,0,0,0
Drumsticks (Shevgyacha Shenga),250 gm,Fruits and Vegetables,DNFDRU,0,0,0,0,0
Edible Flowers,grams,Exotic,EEDI1,0,0,0,0,0
Endive Lettuce,kg,Exotic,EEND1,0,0,0,0,0
Fennel,piece,Exotic,EFEN1,0,0,0,04002,0
Fraazo CorianderÎ¾in 200 gm bundles,bundle,Indian Vegetable,IFra7,0,0,0,0,10000097
Fraazo Curry Leaves in 100 gm bundle,bundle,Indian Vegetable,IFra6,0,0,0,0,10000104
Fraazo Green Chilly in 200 gm packets,packet,Indian Vegetable,IFra1,7930,0,0,0,10000082
Fraazo Methi in 250 gms bundle,bundle,Indian Vegetable,IFra3,5853,0,0,0,0
Fraazo Mint/Pudina in 100 gm bundle,bundle,Indian Vegetable,IFra2,0,0,0,0,10000137
Fraazo Onions,kg,Bulk,BONI4,0,0,0,0,0
Fraazo Potato,kg,Bulk,BPOT2,0,0,0,0,0
Fraazo Spinach/Palak in 250 gm bundle,bundle,Indian Vegetable,IFra4,0,0,0,0,20000979
Fraazo Spring Onion in 250 gm bundle,bundle,Indian Vegetable,IFra5,0,0,0,0,30000585
Fraazo Tomato,kg,Bulk,BFra1,0,0,0,0,0
French Beans,kg,Indian Vegetable,IFRE1,0,0,0,08020,10000042
Fresh Apple (Seb) Washington,4 pcs,Fruits and Vegetables,DNFAPP,0,0,0,0,0
Fresh Avocado,1 pc,Fruits and Vegetables,DNFAVO,0,0,0,0,0
Fresh Baby Corn,100 gm,Fruits and Vegetables,DNFBAB1,0,0,0,0,0
Fresh Baby Potato (Dum Aloo),500 gm,Fruits and Vegetables,DNFBAB,0,0,0,0,0
Fresh Baby Potato (Dum Aloo),500 gm,Fruits and Vegetables,DNFBAB2,0,0,0,0,0
Fresh Banana (Kela) Elaichi,6 pcs,Fruits and Vegetables,DNFBAN,0,0,0,0,0
Fresh Banana (Kela) Elaichi,6 pcs,Fruits and Vegetables,DNFBAN3,0,0,0,0,0
Fresh Beetroot (Chukandar),500 gm,Fruits and Vegetables,DNFBEE,0,0,0,0,10000046
Fresh Brinjal,500 gm,Fruits and Vegetables,DNFBRI,0,0,292007,0,0
Fresh Brinjal,500 gm,Fruits and Vegetables,DNFBRI2,0,0,0,0,0
Fresh Brinjal (Bharta Baingan),400 gm,Fruits and Vegetables,DNFBRI1,0,0,0,0,0
Fresh Cabbage - Red,400 gm,Fruits and Vegetables,DNFCAB,0,0,0,0,0
Fresh Capsicum Green (Shimla Mirch),500 gm,Fruits and Vegetables,DNFCAP1,0,0,0,0,0
Fresh Capsicum Red & Yellow,2 u,Fruits and Vegetables,DNFCAP,0,0,0,0,0
Fresh Capsicum Red & Yellow,2 u,Fruits and Vegetables,DNFCAP2,0,0,0,0,0
Fresh Carrot (Gajar),500 gm,Fruits and Vegetables,DNFCAR,0,0,237545,0,0
Fresh Cluster Beans (Gavar),250 gm,Fruits and Vegetables,DNFCLU,0,0,0,0,0
Fresh Colocasia (Arbi),500 gm,Fruits and Vegetables,DNFCOL,0,0,0,0,0
Fresh Cucumber (Kakdi),500 gm,Fruits and Vegetables,DNFCUC,0,0,0,0,0
Fresh Curry Leaves (Kadi Patta),50 gm,Fruits and Vegetables,DNFCUR,0,0,0,0,0
Fresh Elephant Foot Yam (Suran),500 gm,Fruits and Vegetables,DNFELE,0,0,0,0,0
Fresh Figs,kg,Fruits,FFre1,0,0,0,0,0
Fresh Green Chilli (Mirchi),100 gm,Fruits and Vegetables,DNFGRE1,0,0,0,0,0
Fresh Green Cucumber (Kakdi),500 gm,Fruits and Vegetables,DNFGRE2,0,0,0,0,0
Fresh Groundnut (Mungfali),250 gm,Fruits and Vegetables,DNFGRO,0,0,0,0,0
Fresh Ivy Gourd (Tendli),500 gm,Fruits and Vegetables,DNFIVY,0,0,0,0,0
Fresh Lady Finger (Bhendi),500 gm,Fruits and Vegetables,DNFLAD,0,0,0,0,0
Fresh Lemon (Nimboo),5 pcs,Fruits and Vegetables,DNFLEM,8454,0,0,0,0
Fresh Muskmelon (Kharbooja),1 pc,Fruits and Vegetables,DNFMUS,0,0,0,0,0
Fresh Onion,1 kg,Fruits and Vegetables,DNFONI1,0,0,0,0,0
Fresh Orange (Santra) Imported,4 pcs,Fruits and Vegetables,DNFORA,8030,0,0,0,0
Fresh Papaya (Papita),1 pc,Fruits and Vegetables,DNFPAP,0,0,0,0,0
Fresh Pear (Nashpati) Imported,4 pcs,Fruits and Vegetables,DNFPEA,0,0,0,0,40048445
Fresh Picador Chilli (Mirchi Bhaje),250 gm,Fruits and Vegetables,DNFPIC,0,0,0,0,30007398
Fresh Pomegranate (Anar),4 pcs,Fruits and Vegetables,DNFPOM,0,0,0,0,40091980
Fresh Potato,1 kg,Fruits and Vegetables,DNFPOT1,0,0,0,0,0
Fresh Sweet Lime (Mosambi) Big,6 pcs,Fruits and Vegetables,DNFSWE,0,0,0,0,0
Fresh Tomato,500 gm,Fruits and Vegetables,DNFTOM1,0,0,292014,0,0
Fresh Tomato - Cherry,200 gm,Fruits and Vegetables,DNFTOM,0,0,0,0,10000198
Fresh Watermelon (Tarbooj),1 pc,Fruits and Vegetables,DNFWAT,0,0,0,0,0
Fresh White Onion,500 gm,Fruits and Vegetables,DNFWHI,0,0,0,0,0
Fresh Zespri Kiwi,3 pcs,Fruits and Vegetables,DNFZES,0,0,0,0,0
Frozen Green Peas,packet,Exotic,EGRE1,0,0,0,0,0
Fruit-Grape,kg,Fruits,FFRU4,0,0,0,0,0
"Fruits Combo (1 pc of Apple, Pear, Chikoo, Pomegranate, Sweet Lime each)",packet,Fruits,FFru1,0,0,0,0,0
Galka (Ridge Gourd),kg,Indian Vegetable,IGAL1,0,0,0,0,0
"Ganesha Pack (1 pc of Apple, Pear, Chikoo, Pomegranate, Sweet Lime each)",packet,Fruits,FGan1,0,0,0,0,0
Garlic (Lahsun)- 100gms,,,,7975,0,0,0,0
Garlic (Lahsun),200 gm,Fruits and Vegetables,DNFGAR,0,0,0,08045,10000115
Garlic Bunch  - Fraazo,kg,Fraazo,VGAR12,0,0,237547,0,0
Garlic dry peeled,kg,Indian Vegetable,IGAR4,0,0,0,0,30005201
Garlic Peeled  - Fraazo (100 Gms),unit,Fraazo,VGAR32,0,0,0,0,40010687
Garlic unpeeled - bunch,kg,Indian Vegetable,IGAR3,0,0,0,0,0
Garlic unpeeled - single,kg,Indian Vegetable,IGAR2,0,0,0,0,0
Garlic wet peeled,kg,Indian Vegetable,IGAR1,0,0,0,0,0
Gawar,kg,Fruits,IGAW1,0,0,0,0,0
Ginger - Fraazo 1 kg,kg,Indian Vegetable,IGIN1,0,0,0,10001,40029980
Ginger - Fraazo - 100-200gms,kg,Fraazo,VGIN12,7932,0,237548,0,0
Ginger - Thai,kg,Exotic,EGIN1,0,0,0,0,0
Ginger (Adrak),200 gm,Fruits and Vegetables,DNFGIN,0,0,0,0,0
Gongura leaves,kg,Indian Vegetable,IGon1,0,0,0,0,0
Grapes - Black,kg,Fruits,FGRA2,0,0,0,0,0
Grapes - Green,kg,Fruits,FGRA1,0,0,0,0,0
Grapes Green  - Fraazo,kg,Fraazo,FGRA42,0,0,0,0,0
Grapes Indian Black Globe  - Fraazo,kg,Fraazo,FGRA32,0,0,0,0,0
Grapes Red Globe  - Fraazo,kg,Fraazo,FGRA52,0,0,0,0,0
Green Cucumber,kg,Indian Vegetable,IGREE1,0,0,0,0,40022639
Green Grapes seedless,kg,Fruits,FGre1,0,0,0,0,0
Guava,kg,Fruits,FGUA5,0,0,0,07020,0
Guava - Fraazo,kg,Fraazo,FGUA1,0,0,0,0,0
Guava-Thailand,kg,Fruits,FGAV7,0,0,0,0,0
Haricot beans,kg,Indian Vegetable,IHar1,0,0,0,0,0
Iceberg/Lettuce,kg,Exotic,EICE1,0,0,0,0,0
Ilaichi Banana,dozen,Fruits,FBAN3,0,0,0,0,0
Imported,kg,Fruits,FIMP4,0,0,0,0,0
Jackfruit,kg,Indian Vegetable,IJAC1,0,0,0,0,0
Jasmine Flowers,kg,Exotic,EJAS1,0,0,0,0,0
Kacha Aam,kg,Fruits,FMAN2,0,0,0,0,0
Kaffir lime leaves,kg,Exotic,EKAA1,0,0,0,0,0
Kamal Kakdi,kg,Exotic,EKAM1,0,0,0,0,0
Karela,kg,Indian Vegetable,IKAR1,0,0,0,0,10000048
Kerala Banana,dozen,Fruits,FBAN2,0,0,0,0,0
Kinnow,kg,Fruits,FKIN1,0,0,0,0,0
Kiwi,piece,Fruits,FKIW1,0,0,0,0,0
Kiwi Golden,piece,Fruits,FKiw4,0,0,0,0,0
Kiwi Golden  - Fraazo (1 Pc),unit,Fraazo,FKIW3,18101,0,0,0,0
Kiwi Green  - Fraazo (1 Pc),unit,Fraazo,FKIW2,0,394525,0,0,10000560
Kohala,kg,Indian Vegetable,KOLA1,0,0,0,0,0
Ladies Finger,kg,Indian Vegetable,ILAD1,0,0,0,08009,0
Ladies Finger Okra  - Fraazo - 500gm,,,,0,0,0,0,0
Ladies Finger Okra  - Fraazo,kg,Fraazo,VLAD12,8446,0,0,0,50000523
Lal Maath,bundle,Indian Vegetable,LLAL1,0,0,0,0,0
Leeks,kg,Exotic,ELEE1,0,0,0,0,20001020
Lemon - Big,piece,Indian Vegetable,ILEM4,0,0,0,07015,0
Lemon - Fraazo,kg,Fraazo,BLEM21,7933,0,237551,0,50000525
Lemon - Medium,kg,Indian Vegetable,ILEM3,0,0,0,0,0
Lemon grass,kg,Indian Vegetable,ILEM1,0,0,0,0,10000129
Lemon grass,kg,Exotic,ELEM1,0,0,0,0,0
Lemon Leaf,kg,Exotic,ELEM2,0,0,0,0,0
Lemons - Small,piece,Indian Vegetable,ILEM2,0,0,0,0,0
Less Spicy Chilly,kg,Indian Vegetable,IFRY1,0,0,0,0,0
Lettuce Iceberg  - Fraazo,kg,Fraazo,ELET22,2002,0,0,0,10000132
Lettuce-Romaine,kg,Indian Vegetable,ILET5,0,0,0,0,0
Loloroso,kg,Exotic,ELOL1,0,0,0,0,0
Malta Orange,kg,Fruits,FMAL1,0,0,0,0,0
Mango,kg,Fruits,FMAN1,0,0,0,07001,0
Mango - Kesar,4 pcs,Fruits and Vegetables,DNFMANK,0,0,0,0,0
Mango (Banganpalli),kg,Fruits,FMan6,0,0,0,0,0
Mango Fruit Thotapuri,kg,Fruits,FMan3,0,0,0,0,0
Mango Raw  (Totapari)  - Fraazo,kg,Fraazo,VMAN12,7991,0,0,0,0
Mango-Badami,kg,Fruits,FMAN4,0,0,0,0,0
Mango-Daseri,kg,Fruits,FMAN5,0,0,0,0,0
"Masala Pack with Chilly , Ginger, Lemon, Coriander, Curry leaves _ App wt (150- 200gm)",packet,Indian Vegetable,IMas1,0,0,0,0,0
Masala-Green,kg,Fruits,FMAS4,0,0,0,0,0
Matar,kg,Indian Vegetable,IMAT1,0,0,0,0,0
Methi (Fenugreek Leaves)  - Fraazo (250 Gms),unit,Fraazo,LMET1,0,0,0,0,10000112
Methi leaves,bundle,Indian Vegetable,GMet2,0,0,0,08048,0
Mexican Chili,kg,Exotic,EMEX1,0,0,0,0,0
Microgreens,grams,Exotic,EMIC1,0,0,0,0,0
Mint,bundle,Indian Vegetable,IMIN1,0,0,0,08060,0
Mint Leaves - Fraazo 1 Bunch,,,,4516,0,0,0,0
Mint Leaves - Fraazo (250 Gms),unit,Fraazo,LMIN11,0,0,0,0,10000138
Mixed Sprouts - Fraazo,kg,Fraazo,EBEA12,0,0,0,0,40025936
Mosambi (Sweet Lime)  - Fraazo- 4 Units,,,,0,364304,0,0,0
Mosambi (Sweet Lime)  - Fraazo,kg,Fraazo,FMOS13,8645,,367581,07016,0
Mousambi,dozen,Fruits,FMOU1,0,0,0,0,0
Mulberry,kg,Fruits,FMUS5,0,0,0,0,40120927
Muli(1 kg),kg,Indian Vegetable,IMUL2,0,0,0,0,0
Muli(Pcs),piece,Indian Vegetable,IMUL1,0,0,0,0,0
Mushroom (1 kg),packet,Exotic,EMUS1,0,0,0,0,0
Mushroom (1 kg)-Box8,kg,Exotic,EMUS3,0,0,0,0,0
Mushroom (200 Gms),packet,Exotic,EMUS2,0,0,0,0,0
Mushroom Button  - Fraazo (200 Gms / 1 Pallet),unit,Fraazo,EMUS6,5865,0,0,0,10000273
Mushrooms-Oyster,kg,Indian Vegetable,EMUS5,0,0,0,0,0
Musk Melon - Fraazo (800 Gms - 900 Gms / 1 Pc),unit,Fraazo,FMUS2,0,264020,0,0,50000534
Musk Melon (0.8 - 1kg/piece),kg,Fruits,FMUS1,0,0,0,0,0
Onion - Fraazo,kg,Fraazo,BONI11,0,294626,174501,0,40023472
Onion Bag,kg,Bulk,BOni5,0,0,0,0,0
Onion bulb,kg,Bulk,BOni3,0,0,0,0,0
Onion Tabletop,kg,Exotic,EONI3,0,0,0,0,0
Onions- Sambhar,kg,Bulk,BONI2,0,0,0,0,0
Orange,dozen,Fruits,FORA1,0,0,0,07027,0
Orange,kg,Fraazo,FORA12,0,0,0,0,0
Orange Imported Seedless  - Fraazo,kg,Fraazo,FORA42,0,274987,0,0,0
Orange Kinnow  - Fraazo,kg,Fraazo,FORA22,0,0,0,0,10000384
Orange Malta  - Fraazo,kg,Fraazo,FORA32,0,0,0,0,0
Orange Nagpur  - Fraazo,kg,Fraazo,FORA13,8646,197975,0,0,10000266
Orange Seedless,kg,Fruits,FORA5,0,0,0,0,0
Orange-Baby,kg,Fruits,FORA3,0,0,0,0,0
Orchids Flowers,piece,Exotic,EORC1,0,0,0,0,0
Oregano - Fresh,kg,Exotic,EORE1,0,0,0,0,0
PAC CHOI,kg,Fruits,FPAC5,0,0,0,0,0
Padwal,kg,Indian Vegetable,IPAD2,0,0,0,0,0
Padwal (Snake Gourd),kg,Indian Vegetable,IPAD1,8500,0,0,08054,0
Palak Spinach - Fraazo (350 Gms),unit,Fraazo,LSPI11,4508,0,0,0,0
Papaya - Fraazo,kg,Fraazo,FPAP13,0,0,0,0,40022647
Papaya - Raw,kg,Fruits,FPAP2,0,0,0,0,0
Papaya ( 0.8 -1 Kg / Piece ),kg,Fruits,FPAP1,0,0,0,0,0
Papaya Raw  - Fraazo,kg,Fraazo,VPAP12,0,0,0,0,30000605
Papdi,kg,Fruits,IPAP1,0,0,0,0,0
Parsley leaf,kg,Exotic,EPAR1,0,0,0,0,0
Parwal - Fraazo,kg,Fraazo,VPAD12,0,0,0,0,0
Pear,kg,Fruits,FPER1,0,0,0,0,0
Pear Beauty  - Fraazo,kg,Fraazo,FPER17,0,62078,0,0,0
Pear Green / Packham  - Fraazo,kg,Fraazo,FPER16,0,0,0,0,40048444
Pear Honey / Asian / Indian  - Fraazo,kg,Fraazo,FPER14,0,0,0,0,0
Pear-Beauty,kg,Fruits,FPER4,0,0,0,0,0
Pepper Red,kg,Exotic,EPEP1,0,0,0,0,0
Pepper Red/Yellow Mix,kg,Exotic,EPEP3,0,0,0,0,0
Pepper Yellow,kg,Exotic,EPEP2,0,0,0,0,0
Picador Chilli,kg,Indian Vegetable,IPIC1,0,0,0,0,0
Pineapple (800-1 Kg),piece,Fruits,FPIN1,0,189822,0,0,0
Plum-Imported,kg,Fruits,FPLU6,6264,0,0,0,0
Plum-Indian,kg,Fruits,FPLU5,0,0,0,0,0
Pomegranate,kg,Fruits,FPOM1,0,0,0,07007,0
Pomegranate - Fraazo (4pcs),,,,0,317559,0,0,0
Pomegranate - Fraazo (2pcs),kg,Fraazo,FPOM12,8062,0,0,0,40042512
Potato - Fraazo,kg,Fraazo,BPOT11,7934,294635,174502,0,10000159
Potato Bag,kg,Bulk,BPot1,0,0,0,0,0
Potatoes-Baby,kg,Exotic,EPOT1,0,0,0,0,0
Potatoes-Box8,kg,Indian Vegetable,IPOT2,0,0,0,0,0
Pumpkin,kg,Indian Vegetable,IPUM1,0,0,0,08043,0
Pumpkin Red,kg,Indian Vegetable,IPUM2,0,0,0,0,0
Pumpkin Red  - Fraazo,kg,Fraazo,VPUM12,8493,0,0,0,0
Pumpkin White  - Fraazo,kg,Fraazo,VPUM22,0,0,0,0,0
Raddish - Fraazo,kg,Fraazo,VMUL12,4510,0,0,0,0
Rajma,kg,Indian Vegetable,IRAJ1,0,0,0,0,0
Raw Banana (Kela) Madras,4 pcs,Fruits and Vegetables,DNFBAN1,0,0,0,0,0
Raw Banana (Kela) Robusta,4 pcs,Fruits and Vegetables,DNFBAN2,0,0,0,0,0
Raw Mango,400 gm,Fruits and Vegetables,DNFMAN1,0,0,0,0,0
Raw Mango (thotapuri),kg,Fruits,FRaw1,0,0,0,0,0
Red carrots ( Delhi ),kg,Indian Vegetable,IRED3,0,0,0,0,0
Red grapes,kg,Fruits,FRED1,0,0,0,0,0
Ridge Gourd (Turai)  - Fraazo,kg,Fraazo,VRID12,8497,0,0,08068,50000546
Rocket lettuce,kg,Exotic,EROC1,0,0,0,0,0
Roman Lettuce,kg,Exotic,EROM1,0,0,0,0,0
Rosemary,kg,Exotic,EROS1,0,0,0,0,30006430
Saag,bundle,Indian Vegetable,LSAA1,0,0,0,0,0
Salad Patta,piece,Exotic,ESAL1,0,0,0,0,0
Sambhar Onion (Madras Onion),500 gm,Fruits and Vegetables,DNFONI,0,0,452507,0,0
Sambhar Onion (Madras Onion),500 gm,Fruits and Vegetables,DNFONI2,0,0,0,0,0
Sarson ka Saag,bundle,Indian Vegetable,LSAR1,0,0,0,0,0
Shingada,kg,Indian Vegetable,ISHI5,0,0,0,0,0
Simpson Lettuce,kg,Fruits,ESIM1,0,0,0,0,0
Snake Gourd (Bada Parwal)  - Fraazo,kg,Fraazo,VSNA13,0,0,0,0,0
Snow peas,kg,Exotic,ESNO1,0,0,0,0,0
Soya Leaf,bundle,Fruits,LSOY1,0,0,0,0,0
Spinach,bundle,Indian Vegetable,LSPI1,0,0,0,08055,0
Spinach Box 8,bundle,Indian Vegetable,LSPI2,0,0,0,0,0
Sponge Gourd (Galka)  - Fraazo,kg,Fraazo,VSPO12,8501,0,0,0,0
Spring Onion - Fraazo,kg,Fraazo,LSPR11,7367,0,0,0,0
Spring Onion ( 450-550 Grams ),bundle,Indian Vegetable,LSPR1,0,0,0,08036,0
"Spring onion unprocessed	",kg,Indian Vegetable,LSpr2,0,0,0,0,0
Star Fruit,kg,Fruits,FSTA1,0,0,0,0,0
Strawberry,packet,Fruits,FSTR1,0,0,0,0,0
Strawberry,packet,Fruits,FSTR2,0,0,0,0,0
Strawberry - Fraazo,kg,Fraazo,FSTR11,0,0,0,0,10000263
Sun Melon,kg,Fruits,FSun1,0,0,0,0,30007325
Suran,kg,Indian Vegetable,ISUR1,0,0,0,08069,0
Sweet Corn- 2 pc,,,,0,0,0,0,40004992
Sweet Corn- 120gm,kg,Exotic,ESWE1,5975,0,0,0,0
Sweet Corn (Frozen),kg,Exotic,ESwe2,0,0,0,0,0
Sweet Corn Bunch  (Bhutta)  - Fraazo (1 Pc),unit,Fraazo,ESWE13,0,0,0,0,0
Sweet Corn Peeled  - Fraazo (200 Gms),unit,Fraazo,ESWE22,0,0,0,0,0
Sweet Potato,kg,Indian Vegetable,ISWE1,0,0,0,08063,0
Sweet Potato - Fraazo - 250- 500gms,,,,8503,0,367690,0,0
Sweet Potato - Fraazo,kg,Fraazo,VSWE12,0,0,0,0,10000193
Sweet Potato (Ratala),500 gm,Fruits and Vegetables,DNFPOT,0,0,0,0,0
Sweet Potato (Ratala),500 gm,Fruits and Vegetables,DNFPOT2,0,0,0,0,0
Tarragon,kg,Exotic,ETAR1,0,0,0,0,0
Tender coconut,kg,Fruits,FTEN1,0,0,0,0,1203678
Thai Brijal,kg,Exotic,ETHA2,0,0,0,0,0
Thai Red Chilly,kg,Fruits,ETHA1,0,0,0,0,0
Thyme,kg,Exotic,ETHY1,0,0,0,0,40026327
Tinda - Fraazo 250 gm,kg,Indian Vegetable,ITIN6,8505,0,0,0,0
Tinda - Fraazo,kg,Fraazo,VTIN12,0,0,0,0,10000665
Tomato - Box 8,kg,Bulk,BTom1,0,0,0,0,0
Tomato - Cherry,kg,Exotic,ETOM3,0,0,0,0,0
Tomato - Fraazo,kg,Fraazo,BTOM12,7935,0,292014,0,50000557
Tomato Cherry  - Fraazo,kg,Fraazo,ETOM11,0,0,0,0,30001962
Tomato Crates,kg,Bulk,ITOM2,0,0,0,0,0
Tomato Hybrid  - Fraazo,kg,Fraazo,BTOM11,0,391307,0,0,0
Tomato-Desi,kg,Indian Vegetable,ITOM5,0,0,0,0,0
Tomatoes - Green,kg,Exotic,ETOM1,0,0,0,0,0
Tomatoes Yellow,kg,Exotic,ETOM2,0,0,0,0,0
Tondli,kg,Indian Vegetable,ITON1,0,0,0,0,0
Tondli - Fraazo,kg,Fraazo,VTON12,0,0,0,0,10000089
Transportation,piece,Bulk,BTRA1,0,0,0,0,0
VnF Supreme Onion,kg,Bulk,BONI1,0,0,0,08035,0
VnF Supreme Potato,kg,Bulk,BPOT3,0,0,0,08007,0
VnF Supreme Tomato,kg,Bulk,BTOM2,0,0,0,08071,0
Wafer Potato (Sample),kg,Bulk,BWaf1,0,0,0,0,0
Watermelon ( 1.5 - 2 Kg / Piece ),kg,Fruits,FWAT1,0,0,0,07011,0
Watermelon Fraazo,kg,Fraazo,FWAT11,0,0,0,0,10000297
White Onion,kg,Indian Vegetable,IWHI1,0,0,0,0,0
White-Pumpkin,kg,Indian Vegetable,IWHI2,0,0,0,0,0
Yellow Mango,kg,Fruits,FYEL1,0,0,0,0,0
Zucchini - Green,kg,Exotic,EZUG1,0,0,0,0,0
Zucchini Green,250 gm,Fruits and Vegetables,DNFGRE,0,0,0,0,0
Zucchini Green,250 gm,Fruits and Vegetables,DNFGRE3,0,0,0,0,0
Zucchini Green  - Fraazo,kg,Fraazo,EZUC12,7936,0,0,0,10000122
Zucchini Green / Yellow Mix,kg,Exotic,EZUC1,0,0,0,0,0
Zucchini Yellow,kg,Exotic,EZUY1,0,0,0,0,0
Zucchini Yellow,250 gm,Fruits and Vegetables,DNFYEL,7970,0,0,0,0
Zucchini Yellow  - Fraazo,kg,Fraazo,EZUC32,0,0,0,0,10000320